id,nombre,apellido1,apellido2,fecha_nacimiento,email,fecha_registro,telefono,contraseña
1,Juan Luis,Quirós,Domingo,1993-06-03,rmartinez@example.org,2024-02-08,682647762,31243fasf
2,Josefina,Barberá,Ureña,1974-04-25,lherranz@example.com,2023-12-22,641866957,fdssdf4332
3,Marcela,Ruano,Blanca,1992-04-04,hroldan@example.com,2024-03-29,674513113,dsfwefsd32423
4,Perlita,Paniagua,Perea,1936-12-27,ferminalberola@example.net,2023-09-21,667063387,dfsfs32
5,Arcelia,Ballester,Landa,1981-08-25,opont@example.org,2024-02-10,605130221,vfdkj43254
6,Paco,Cuadrado,Iborra,1978-11-21,wbayon@example.com,2024-02-27,608756755,2534fdesfdfs
7,Rolando,Esteve,Tur,1942-08-29,noriegaguillermo@example.net,2023-06-22,674609356,41325jedsb
8,Amada,Prado,Cabeza,1992-11-10,roberto26@example.org,2023-08-17,686628901,85623jh
9,Paz,Burgos,Ferrero,2001-06-04,barralcintia@example.net,2023-07-24,651478290,sdhifuas2143
10,Jovita,Cuéllar,Castells,1966-09-01,amayaleonor@example.com,2023-05-23,651749625,dsfkjfhi354534
11,Daniel,Iglesia,Manjón,1978-04-30,escuderonadia@example.net,2023-08-29,641601893,5478jhfdsjhfshj
12,Aurelio,Iborra,Burgos,1995-08-29,ghernandez@example.net,2024-01-14,655640062,fksdji134
13,Héctor,Guitart,Linares,1951-11-28,tgranados@example.org,2023-12-03,642298501,435342jfdjdfg
14,Florentino,Cerdá,Cepeda,1963-10-12,auriarte@example.net,2023-07-16,685554899,fkdjsfs1434
15,Noelia,Alfaro,Goñi,1954-08-17,imelda84@example.org,2023-05-07,643217774,14odghgf34
16,Leonardo,Montserrat,Hoz,1983-03-06,solamatilde@example.com,2024-02-02,653998126,425443jkfsd
17,Conrado,Heredia,Martínez,1967-06-24,natividadsuarez@example.org,2023-08-14,649428969,43294nfsdjd
18,Gloria,Zamora,Aparicio,1972-04-10,bartolome47@example.org,2024-02-18,692010913,rfdsa324
19,Ruperto,Pagès,Sebastián,1970-04-02,concha31@example.com,2023-11-21,649990741,fsdfs2243
20,Carlota,Hernando,Espada,1996-09-22,pagesteresa@example.org,2023-08-17,606402494,132435fasersd
21,Matías,Jara,Gutierrez,1968-11-26,leonorpenas@example.org,2023-09-21,605366149,dsfjbsa2143
22,Chita,Céspedes,Armas,1974-08-15,salvaencarna@example.net,2024-02-04,675303025,fdsafwf3
23,Elías,Alcázar,Melero,1944-09-17,yessicamuro@example.org,2023-08-28,618998153,fdasfdasf214325
24,Belén,Marin,Franco,1964-04-28,eusebio53@example.net,2023-11-30,666560670,4543ksjf
25,Prudencia,Criado,Monreal,1935-12-24,hortensiagodoy@example.com,2023-05-09,634830127,43235fgsdfa
