id,nombre,apellido1,apellido2,fecha_nacimiento,email,fecha_registro,telefono
1,Octavia,Ramírez,Figueras,1972-03-03,simonalvaro@example.com,2023-12-31,652110827
2,Inocencio,Sáez,Murillo,1974-05-23,crespilucho@example.com,2023-06-02,619810510
3,Calixta,Ayllón,Sanjuan,1984-08-11,toribiosoto@example.org,2023-07-21,674393767
4,Tristán,Urrutia,Garrido,1993-05-10,angelitamarques@example.com,2023-05-22,617004253
5,Soraya,Ojeda,Vall,2005-05-20,evita00@example.com,2023-08-28,699122032
6,Pepita,Pino,Casado,1988-09-19,galaarcos@example.net,2023-07-26,664788523
7,Octavio,Quintanilla,Ferreras,1982-07-09,jcordero@example.com,2024-04-16,627585005
8,Carlota,Benítez,Cuéllar,1946-03-25,valentinpinedo@example.net,2023-08-16,618178816
9,Aurelio,Julián,Gras,1974-08-04,yesica50@example.org,2023-05-17,695534262
10,Amparo,Bustos,Ros,1992-04-14,moranteviviana@example.com,2023-07-24,628095863
11,Lucho,Cifuentes,Carro,1952-10-17,dulce38@example.com,2023-06-04,694087449
12,José Luis,Costa,Lobato,1988-07-29,fausto53@example.com,2023-09-23,656624145
13,Félix,Hernández,Menendez,1991-06-29,ninovicenta@example.net,2023-09-24,634671169
14,Lidia,Esteve,Ariño,1991-04-10,angela60@example.net,2023-08-14,696449744
15,Nacho,Juárez,Arnal,1959-05-13,cuetosara@example.com,2023-06-17,691361565
16,Virginia,Arteaga,Pineda,1965-12-31,talaveraluis-miguel@example.net,2023-10-20,628312226
17,Leonor,Jáuregui,Ferrán,1970-08-27,duranaurelio@example.org,2023-10-05,662926584
18,María Dolores,Coloma,Alonso,1964-06-19,bonifaciovilanova@example.org,2023-10-18,672896478
19,María Carmen,Arcos,Casanovas,1978-09-19,verdugala@example.org,2023-06-27,647630823
20,Montserrat,Reguera,Canet,1993-06-15,yesicaconde@example.org,2023-12-08,648169901
21,Lara,Pinilla,Iglesias,1941-07-08,garaylorenzo@example.net,2023-12-31,619470611
22,Germán,Zamora,Piñol,1984-05-27,timoteocaceres@example.org,2023-06-09,647981034
23,Fulgencio,Durán,Jordá,1962-11-04,haroldo36@example.org,2024-04-18,602931968
24,Álvaro,Calderón,Barrera,1940-05-30,conchafuertes@example.net,2023-08-08,600045240
25,Adriana,Sureda,Peláez,1979-03-31,umorera@example.com,2024-03-26,643095661
